raw_date,PET_WRPNTUS2_W,PET_WDGST1A1_W,PET_WDGST1B1_W,PET_WDGSTP11_W,PET_WDGSTP21_W,PET_WDGSTUS1_W,PET_WD1ST_R1Y_1_W,PET_WD1ST_R20_1_W,PET_WD1ST_R50_1_W,PET_WCREXUS2_W,PET_WG6TP_R20_2_W,PET_W_EPM0F_YPY_R10_MBBLD_W,PET_W_EPM0CAG55_YPT_R30_MBBLD_W,LVL,MYR,NZD,RON,SGD,THB,VLO
2010-08-29,715.0,10159.0,29642.0,41590.0,1720.0,52412.0,3218.0,1916.0,1238.0,32.0,11.0,230.0,0.0,0.5575399999999999,3.1461,1.4174,3.3379,1.3573,31.338,12.426952
2010-09-05,768.0,10331.0,29286.0,41595.0,1698.0,52585.0,3327.0,1843.0,1020.0,32.0,41.0,274.0,0.0,0.55205,3.1194,1.3947,3.3345,1.3458,31.184,12.568847
2010-09-12,85.0,10601.0,27457.0,40069.0,1604.0,50505.0,3433.0,1737.0,1156.0,33.0,-27.0,259.0,0.0,0.55701,3.1071,1.371,3.3587,1.3402,30.778,12.852634
2010-09-19,339.0,10537.0,28497.0,40858.0,1554.0,51180.0,3238.0,1693.0,1148.0,33.0,17.0,297.0,0.0,0.54265,3.102,1.3737,3.2603,1.3355,30.745,12.426952
2010-09-26,433.0,10739.0,29122.0,41834.0,1528.0,52365.0,3631.0,1382.0,968.0,33.0,-3.0,286.0,0.0,0.529,3.093,1.3683,3.1627,1.324,30.685,13.076677
2010-10-03,179.0,10815.0,29390.0,41937.0,1500.0,52168.0,3056.0,1341.0,985.0,33.0,20.0,234.0,0.0,0.51668,3.0855,1.3514,3.1076,1.3125,30.208,13.196171
2010-10-10,163.0,11074.0,30101.0,42995.0,1253.0,54239.0,3177.0,1302.0,1126.0,33.0,34.0,212.0,0.0,0.5111,3.1152,1.3405,3.0736,1.3117,30.063,13.562104000000001
2010-10-17,301.0,11351.0,30683.0,43926.0,1198.0,54305.0,2917.0,1268.0,1103.0,33.0,-28.0,198.0,0.0,0.50373,3.0835,1.3177,3.0353,1.2949,29.821,13.211104
2010-10-24,555.0,10835.0,30474.0,43336.0,1345.0,53388.0,2979.0,1244.0,1137.0,33.0,-3.0,206.0,0.0,0.5093300000000001,3.114,1.3374,3.0869,1.3016,29.943,13.606913
2010-10-31,211.0,11006.0,29970.0,43243.0,1328.0,53172.0,2810.0,1314.0,1035.0,33.0,-32.0,208.0,0.0,0.5121600000000001,3.1096,1.3192,3.0788,1.2967,29.955,14.137148000000002
2010-11-07,215.0,10352.0,29135.0,41544.0,1196.0,51181.0,2681.0,1496.0,1100.0,33.0,-18.0,170.0,0.0,0.5039100000000001,3.0831,1.2601,3.0467,1.2856,29.637,14.906365
2010-11-14,235.0,10317.0,29679.0,42061.0,1038.0,51780.0,2712.0,1422.0,1095.0,34.0,-4.0,160.0,0.0,0.51725,3.1108,1.2875,3.1325,1.2943,29.8,14.757001
2010-11-21,397.0,10290.0,29336.0,41935.0,1180.0,52280.0,2886.0,1432.0,1091.0,34.0,26.0,205.0,0.0,0.51872,3.1198,1.2886,3.1432,1.2976,29.94,14.857447
2010-11-28,54.0,10365.0,29215.0,41708.0,1157.0,51754.0,3086.0,1286.0,1185.0,34.0,99.0,190.0,0.0,0.53656,3.1629,1.3348,3.2609,1.3198,30.295,15.523935999999999
2010-12-05,550.0,10110.0,29212.0,41815.0,964.0,52073.0,3157.0,1574.0,1236.0,34.0,67.0,212.0,0.0,0.53578,3.148,1.3226,3.2518,1.3072,30.055,15.718639000000001
2010-12-12,136.0,8590.0,28394.0,39800.0,919.0,49790.0,3115.0,1550.0,1267.0,33.0,66.0,207.0,0.0,0.53587,3.1349,1.331,3.2430000000000003,1.3077,30.065,15.958274
2010-12-19,735.0,8824.0,27527.0,38718.0,824.0,49345.0,3134.0,1624.0,1295.0,33.0,32.0,169.0,0.0,0.5352899999999999,3.1315,1.3557,3.2379,1.3143,30.152,17.238834
2010-12-26,446.0,8683.0,25702.0,36485.0,954.0,47350.0,3288.0,1695.0,1286.0,33.0,70.0,178.0,0.0,0.54157,3.0955,1.3366,3.2734,1.2997,30.208,17.328692999999998
2011-01-02,-479.0,8257.0,24632.0,35450.0,820.0,45148.0,3568.0,1774.0,1413.0,33.0,200.0,195.0,0.0,0.53091,3.0647,1.2872,3.1896,1.2824,30.063,17.807966
2011-01-09,450.0,8677.0,23685.0,35336.0,902.0,44347.0,3555.0,1627.0,1438.0,33.0,104.0,161.0,0.0,0.54078,3.0695,1.3203,3.2855,1.298,30.417,18.751535
2011-01-16,518.0,8411.0,23531.0,34054.0,852.0,43538.0,3341.0,1798.0,1355.0,33.0,190.0,175.0,0.0,0.52581,3.0629,1.3032,3.1951,1.2901,30.479,18.032625
2011-01-23,346.0,7435.0,23523.0,32408.0,893.0,41977.0,3358.0,1532.0,1342.0,33.0,194.0,194.0,0.0,0.5203,3.06,1.3197,3.1527,1.2842,30.697,18.998661
2011-01-30,694.0,6529.0,20822.0,29603.0,833.0,39168.0,3828.0,1599.0,1254.0,33.0,126.0,137.0,0.0,0.51415,3.0545,1.2869,3.1053,1.2795,31.01,19.55282
2011-02-06,740.0,6490.0,19905.0,28907.0,966.0,38644.0,3310.0,1461.0,1136.0,33.0,268.0,182.0,0.0,0.51464,3.03,1.2974,3.1282,1.2737,30.81,21.02808
2011-02-13,395.0,5987.0,20720.0,29051.0,1094.0,38713.0,3264.0,1589.0,1148.0,33.0,194.0,216.0,0.0,0.52056,3.0622,1.3213,3.1487,1.2835,30.85,22.683070999999998
2011-02-20,100.0,7209.0,20058.0,29345.0,1127.0,39238.0,3097.0,1726.0,1013.0,33.0,102.0,174.0,0.0,0.51699,3.0262,1.3129,3.1129,1.2738,30.58,20.108857999999998
2011-02-27,81.0,7332.0,19777.0,29126.0,1221.0,38015.0,3023.0,1488.0,1009.0,33.0,98.0,186.0,0.0,0.51213,3.0493,1.3324,3.0610000000000004,1.2745,30.63,21.744579
2011-03-06,287.0,7069.0,19050.0,28090.0,1421.0,37607.0,2645.0,1427.0,808.0,33.0,143.0,158.0,0.0,0.50548,3.0265,1.3588,3.0135,1.2673,30.49,19.748704999999998
2011-03-13,-264.0,6532.0,19246.0,28067.0,1422.0,36966.0,2566.0,1503.0,987.0,34.0,15.0,191.0,0.0,0.5131100000000001,3.0415,1.3561,3.0409,1.2735,30.46,20.941727
2011-03-20,286.0,6239.0,18425.0,26851.0,1431.0,36026.0,2722.0,1396.0,1082.0,34.0,10.0,149.0,0.0,0.50035,3.0453,1.3754,2.9515,1.2747,30.29,21.602018
2011-03-27,97.0,5918.0,18930.0,26612.0,1468.0,35198.0,2733.0,1457.0,1251.0,34.0,73.0,163.0,0.0,0.5023,3.022,1.3283,2.892,1.2604,30.26,22.374861
2011-04-03,335.0,5556.0,18822.0,25561.0,1469.0,34391.0,2462.0,1566.0,1294.0,34.0,60.0,160.0,0.0,0.50152,3.0255,1.3095,2.9291,1.2617,30.28,21.752085
2011-04-10,143.0,5417.0,17851.0,24443.0,1404.0,34070.0,2367.0,1436.0,1508.0,34.0,85.0,136.0,0.0,0.4923300000000001,3.0165,1.2809,2.8552,1.2572,30.05,20.709126
2011-04-17,416.0,5558.0,17477.0,24078.0,1328.0,33503.0,2095.0,1502.0,1364.0,34.0,101.0,179.0,0.0,0.4908,3.0233,1.2562,2.8345,1.2443,30.13,21.782097
2011-04-24,899.0,5264.0,16703.0,23439.0,1243.0,32809.0,2071.0,1630.0,1265.0,34.0,19.0,164.0,0.0,0.48635,3.0075,1.2479,2.8022,1.2355,29.91,21.114304
2011-05-01,720.0,5186.0,16921.0,23420.0,1175.0,33151.0,2148.0,1341.0,1031.0,34.0,88.0,207.0,0.0,0.47732,2.962,1.2392,2.7443,1.2251,29.87,19.741201
2011-05-08,431.0,5217.0,16832.0,23294.0,934.0,31601.0,2094.0,1379.0,874.0,34.0,26.0,184.0,0.0,0.48935,3.0025,1.2705,2.8404,1.2364,30.26,19.906271
2011-05-15,103.0,4979.0,17164.0,23302.0,1038.0,31602.0,2110.0,1345.0,797.0,34.0,84.0,201.0,0.0,0.49671,3.007,1.2603,2.8817,1.2398,30.23,19.891268
2011-05-22,857.0,5080.0,16935.0,23068.0,1231.0,31873.0,2232.0,1464.0,926.0,34.0,54.0,212.0,0.0,0.49821,3.0185,1.2578,2.8886,1.2372,30.3,19.864464
2011-05-29,803.0,4945.0,17273.0,23333.0,1216.0,31927.0,2263.0,1268.0,955.0,34.0,68.0,210.0,0.0,0.49723,3.034,1.2253,2.8966,1.236,30.37,19.894533
2011-06-05,610.0,5078.0,16940.0,23110.0,1176.0,31169.0,2312.0,1397.0,1081.0,34.0,90.0,182.0,0.0,0.4895100000000001,3.0115,1.2327,2.8519,1.2331,30.34,19.097555
2011-06-12,-16.0,5984.0,16670.0,23692.0,1230.0,32486.0,2226.0,1387.0,789.0,35.0,89.0,210.0,0.0,0.48937,3.02,1.2102,2.869,1.2316,30.39,18.172747
2011-06-19,44.0,6424.0,16889.0,24710.0,1233.0,33648.0,2604.0,1263.0,917.0,35.0,106.0,182.0,0.0,0.4970600000000001,3.031,1.2369,2.9622,1.2348,30.58,18.616356
2011-06-26,-182.0,6811.0,16623.0,24843.0,1067.0,33496.0,2546.0,1447.0,951.0,35.0,56.0,195.0,0.0,0.4988,3.045,1.2294,2.9705,1.2375,30.68,19.225374
2011-07-03,-295.0,7178.0,17310.0,25633.0,958.0,33794.0,2894.0,1347.0,875.0,35.0,34.0,158.0,0.0,0.48944,3.0085,1.2115,2.9263,1.2267,30.81,19.789278
2011-07-10,-17.0,7075.0,17405.0,26048.0,945.0,34640.0,2968.0,1301.0,1050.0,35.0,20.0,170.0,0.0,0.49789,2.9887,1.2014,2.9497,1.2192,30.21,18.661465
2011-07-17,-97.0,7420.0,18001.0,26723.0,1084.0,35865.0,3454.0,1515.0,1016.0,35.0,58.0,163.0,0.0,0.50134,3.006,1.1887,3.0138,1.2185,30.08,20.217842
2011-07-24,-16.0,7496.0,18915.0,27519.0,1316.0,36414.0,3448.0,1398.0,1127.0,35.0,94.0,184.0,0.0,0.49288,2.971,1.1552,2.9397,1.2081,29.81,18.676504
2011-07-31,-18.0,7669.0,18757.0,28251.0,1342.0,37310.0,3331.0,1332.0,1170.0,35.0,95.0,184.0,0.0,0.49748,2.967,1.1565,2.9746,1.2051,29.82,15.789314000000001
2011-08-07,-247.0,8035.0,19772.0,29386.0,1421.0,38714.0,3714.0,1304.0,1042.0,35.0,92.0,185.0,0.0,0.50124,3.0165,1.1939,2.9967,1.2201,29.88,15.60886
2011-08-14,-421.0,8355.0,20323.0,30027.0,1341.0,39365.0,4321.0,1224.0,1005.0,35.0,-27.0,167.0,0.0,0.49775,3.002,1.2086,3.006,1.212,29.95,14.481057999999999
2011-08-21,-20.0,9289.0,20471.0,31267.0,1488.0,40977.0,3645.0,1228.0,992.0,35.0,-2.0,190.0,0.0,0.4930100000000001,2.9815,1.2099,2.9668,1.2092,29.82,15.235210999999998
2011-08-28,-467.0,9685.0,20955.0,32080.0,1650.0,42064.0,3702.0,1241.0,912.0,35.0,28.0,201.0,0.0,0.49271,2.9885,1.1986,2.9472,1.2067,29.98,16.953976
2011-09-04,-542.0,9440.0,21380.0,32412.0,1683.0,41895.0,3742.0,1306.0,994.0,35.0,81.0,173.0,0.0,0.49758,2.9674,1.1741,2.9747,1.2036,29.92,17.481668
2011-09-11,-450.0,9319.0,21249.0,32394.0,1522.0,41872.0,3147.0,1359.0,892.0,35.0,137.0,142.0,0.0,0.51343,3.006,1.2061,3.0832,1.224,30.08,16.893670999999998
2011-09-18,-375.0,9344.0,21783.0,32349.0,1438.0,41580.0,2824.0,1388.0,992.0,36.0,116.0,212.0,0.0,0.51548,3.085,1.2065,3.1017,1.2406,30.38,13.998903
2011-09-25,-559.0,9392.0,21405.0,31753.0,1550.0,40810.0,2899.0,1396.0,873.0,36.0,109.0,190.0,0.0,0.52815,3.2025,1.2914,3.2103,1.3042,30.92,14.021519
2011-10-02,-363.0,9635.0,20439.0,31488.0,1399.0,40131.0,2853.0,1202.0,888.0,36.0,144.0,186.0,0.0,0.5252899999999999,3.1928,1.3079,3.2271,1.3026,31.14,15.295516000000001
2011-10-09,-523.0,9639.0,20690.0,31511.0,1099.0,39281.0,2783.0,1398.0,935.0,36.0,34.0,186.0,0.0,0.52754,3.1599,1.294,3.2094,1.2945,30.92,17.074589000000003
2011-10-16,-1328.0,9415.0,20299.0,30810.0,1160.0,38317.0,3173.0,1354.0,910.0,36.0,26.0,187.0,0.0,0.5109,3.1285,1.2542,3.1352,1.2696,30.77,17.624901
2011-10-23,-737.0,9374.0,20300.0,31071.0,1435.0,38068.0,2884.0,1362.0,919.0,36.0,-132.0,196.0,0.0,0.5111600000000001,3.1447,1.2541,3.1384,1.2739,30.99,19.780893
2011-10-30,-449.0,9521.0,20453.0,31312.0,1344.0,38629.0,2383.0,1333.0,864.0,36.0,-31.0,183.0,0.0,0.49718,3.0663,1.2232,3.0448,1.2421,30.54,19.177822
2011-11-06,-722.0,9101.0,20014.0,30230.0,1098.0,36706.0,2183.0,1338.0,833.0,36.0,-158.0,210.0,0.0,0.51042,3.1234,1.2634,3.1631,1.2677,30.66,19.305969
2011-11-13,-918.0,9307.0,19981.0,30563.0,953.0,37480.0,2515.0,1358.0,781.0,36.0,-45.0,195.0,0.0,0.5139199999999999,3.1479,1.2847,3.1848,1.2897,30.81,16.486588
2011-11-20,-347.0,9312.0,19517.0,29974.0,876.0,36597.0,1927.0,1394.0,885.0,36.0,71.0,217.0,0.0,0.51893,3.1605,1.3111,3.2147,1.2949,30.99,15.481001999999998
2011-11-27,-550.0,9483.0,20378.0,31121.0,858.0,38424.0,2366.0,1359.0,908.0,36.0,81.0,209.0,0.0,0.5274800000000001,3.1972,1.3536,3.2998,1.3125,31.41,16.786257
2011-12-04,-205.0,9287.0,20206.0,30933.0,904.0,37950.0,2685.0,1343.0,1057.0,36.0,210.0,174.0,0.0,0.51647,3.129,1.2801,3.2254,1.2806,30.79,15.845264000000002
2011-12-11,-61.0,9533.0,19732.0,30379.0,862.0,38836.0,2395.0,1451.0,989.0,36.0,140.0,187.0,0.0,0.52159,3.1485,1.2968,3.2448,1.2968,30.95,15.435464000000001
2011-12-18,-742.0,9464.0,19791.0,30780.0,888.0,39110.0,2357.0,1351.0,1196.0,36.0,121.0,174.0,0.0,0.53391,3.1755,1.3094,3.3179,1.3016,31.31,15.928738000000001
2011-12-25,-594.0,9150.0,19711.0,30495.0,979.0,38888.0,2161.0,1478.0,1184.0,36.0,117.0,156.0,0.0,0.5334300000000001,3.1545,1.2914,3.2902,1.2932,31.31,15.746604999999999
2012-01-01,-970.0,9465.0,18721.0,29701.0,967.0,37023.0,1798.0,1708.0,1129.0,36.0,185.0,163.0,0.0,0.54061,3.173,1.2935,3.3413,1.2999,31.68,15.033267000000002
2012-01-08,-1041.0,9312.0,18531.0,28643.0,907.0,35571.0,1736.0,1497.0,1132.0,36.0,259.0,153.0,0.0,0.5461,3.1435,1.2795,3.4017,1.2937,31.68,15.890794
2012-01-15,-1013.0,8332.0,16828.0,26691.0,808.0,33308.0,1568.0,1532.0,1153.0,37.0,174.0,154.0,0.0,0.54827,3.1325,1.2599,3.394,1.2895,31.77,17.454065
2012-01-22,-683.0,7728.0,16414.0,25416.0,743.0,32096.0,1519.0,1492.0,1194.0,37.0,107.0,172.0,0.0,0.54178,3.1015,1.2456,3.3669,1.276,31.56,18.129467
2012-01-29,-456.0,7691.0,14643.0,23712.0,728.0,30840.0,1510.0,1439.0,1235.0,37.0,120.0,155.0,0.0,0.53184,3.0385,1.2133,3.306,1.2541,31.13,18.273653
2012-02-05,-796.0,7292.0,15112.0,24114.0,1005.0,31426.0,1546.0,1275.0,1073.0,37.0,52.0,169.0,0.0,0.53184,3.0103,1.2028,3.3043,1.2463,30.88,19.191889
2012-02-12,-1205.0,6869.0,15083.0,23068.0,640.0,30497.0,1527.0,1532.0,1020.0,37.0,59.0,164.0,0.0,0.52999,3.036,1.2092,3.3012,1.2613,30.89,19.237419
2012-02-19,-1023.0,6801.0,14946.0,23029.0,689.0,30392.0,1524.0,1544.0,1119.0,37.0,-37.0,153.0,0.0,0.53104,3.036,1.1954,3.3091,1.257,30.79,19.709278
2012-02-26,-1427.0,6568.0,14746.0,23966.0,627.0,31268.0,1292.0,1463.0,970.0,37.0,-41.0,161.0,0.0,0.52088,3.0141,1.1946,3.2452,1.2557,30.37,19.632879
2012-03-04,-1327.0,6290.0,14983.0,23049.0,625.0,30572.0,1282.0,1478.0,1255.0,37.0,38.0,158.0,0.0,0.52833,3.0038,1.1993,3.2918,1.2504,30.57,21.290602
2012-03-11,-1348.0,5923.0,15097.0,22746.0,615.0,29690.0,1210.0,1395.0,1254.0,37.0,-29.0,167.0,0.0,0.5283100000000001,3.0094,1.2145,3.3019,1.2523,30.56,21.405193
2012-03-18,-867.0,5083.0,15303.0,21830.0,638.0,29719.0,1235.0,1362.0,1432.0,38.0,-33.0,163.0,0.0,0.53141,3.0548,1.2155,3.3412,1.2602,30.75,20.198183
2012-03-25,-926.0,5225.0,15881.0,23138.0,782.0,30164.0,1331.0,1523.0,1211.0,38.0,-13.0,112.0,0.0,0.52628,3.0765,1.2309,3.3018,1.2648,30.76,20.358616
2012-04-01,-658.0,5336.0,16376.0,23164.0,733.0,30685.0,1229.0,1588.0,1134.0,38.0,-98.0,154.0,0.0,0.52433,3.0635,1.217,3.2809,1.256,30.83,19.052298999999998
2012-04-08,-868.0,5047.0,15052.0,21363.0,688.0,28682.0,1302.0,1688.0,918.0,38.0,-103.0,160.0,0.0,0.53528,3.069,1.2264,3.3462,1.2608,31.0,19.044660999999998
2012-04-15,-1013.0,4639.0,15541.0,21340.0,751.0,27821.0,1169.0,1736.0,734.0,39.0,-34.0,158.0,0.0,0.5312600000000001,3.0573,1.2054,3.3283,1.246,30.73,18.257822
2012-04-22,-828.0,4626.0,14993.0,20510.0,701.0,26955.0,1263.0,1875.0,754.0,39.0,-51.0,164.0,0.0,0.52949,3.064,1.2273,3.3166,1.249,30.888,18.769648
2012-04-29,-878.0,4730.0,13357.0,19202.0,705.0,26527.0,1560.0,1939.0,710.0,39.0,-24.0,113.0,0.0,0.52876,3.0403,1.2222,3.3168,1.2394,30.78,17.982807
2012-05-06,-1044.0,4323.0,12524.0,18170.0,754.0,25115.0,1408.0,1768.0,723.0,39.0,-150.0,165.0,0.0,0.5322899999999999,3.0412,1.2538,3.3542,1.2417,30.94,17.234156
2012-05-13,-556.0,4117.0,12882.0,17939.0,887.0,25368.0,1291.0,1702.0,706.0,39.0,-113.0,141.0,0.0,0.53909,3.0709,1.2729,3.4285,1.2511,31.17,16.493147
2012-05-20,-921.0,4234.0,12262.0,17278.0,992.0,25198.0,1133.0,1585.0,756.0,39.0,-11.0,145.0,0.0,0.54815,3.135,1.3159999999999998,3.4930000000000003,1.2731,31.33,16.898022
2012-05-27,-1018.0,4047.0,11796.0,16679.0,1068.0,24779.0,975.0,1384.0,725.0,39.0,-161.0,154.0,0.0,0.5565899999999999,3.1535,1.3202,3.5617,1.2784,31.69,16.243151
2012-06-03,-892.0,4433.0,11870.0,17146.0,925.0,25023.0,671.0,1438.0,815.0,39.0,-34.0,146.0,0.0,0.56647,3.2003,1.3327,3.6294,1.294,31.9,16.512585
2012-06-10,-684.0,4548.0,11806.0,17468.0,919.0,24770.0,884.0,1400.0,729.0,39.0,-114.0,163.0,0.0,0.5592699999999999,3.1848,1.3085,3.5810000000000004,1.2867,31.7,16.851305
2012-06-17,-476.0,4865.0,12070.0,18077.0,985.0,25951.0,701.0,1303.0,856.0,39.0,-78.0,163.0,0.0,0.5532699999999999,3.1630000000000003,1.2739,3.5433,1.2732,31.48,17.698104999999995
2012-06-24,-818.0,4982.0,12047.0,18165.0,1016.0,25521.0,692.0,1468.0,822.0,39.0,-69.0,159.0,0.0,0.55579,3.1905,1.268,3.5675,1.2767,31.771,18.42173
2012-07-01,-602.0,5170.0,11162.0,17625.0,1014.0,25641.0,681.0,1535.0,872.0,39.0,-63.0,143.0,0.0,0.55338,3.1739,1.2507,3.5356,1.2688,31.67,18.791245
2012-07-08,-735.0,5265.0,11067.0,17849.0,796.0,25596.0,592.0,1463.0,813.0,39.0,-120.0,145.0,0.0,0.56258,3.1744,1.2477,3.6649,1.2682,31.622,18.706568
2012-07-15,-1175.0,5239.0,11678.0,18497.0,747.0,25905.0,511.0,1319.0,835.0,39.0,-151.0,147.0,0.0,0.57128,3.1855,1.2641,3.7435,1.2687,31.645,19.568762
2012-07-22,-226.0,5289.0,12089.0,18908.0,750.0,26395.0,419.0,1368.0,740.0,40.0,-76.0,139.0,0.0,0.5706600000000001,3.1515,1.2489,3.7701,1.2567,31.7,19.638044
2012-07-29,-1083.0,5392.0,11932.0,18457.0,693.0,25794.0,465.0,1106.0,861.0,40.0,-87.0,126.0,0.0,0.5655600000000001,3.1613,1.2411,3.7436,1.2509,31.53,21.016018
2012-08-05,-870.0,5321.0,11648.0,18195.0,728.0,26704.0,759.0,1146.0,783.0,40.0,-145.0,134.0,0.0,0.5688,3.1259,1.2281,3.795,1.2458,31.57,22.216934
2012-08-12,-414.0,5140.0,12605.0,19729.0,810.0,27553.0,873.0,1145.0,651.0,40.0,-64.0,143.0,0.0,0.56777,3.1171,1.2365,3.698,1.2474,31.47,22.340103
2012-08-19,-934.0,5312.0,13262.0,20058.0,930.0,28435.0,872.0,1156.0,778.0,40.0,-63.0,141.0,0.0,0.5644,3.1328,1.2403,3.6406,1.2525,31.52,22.635284
2012-08-26,-716.0,5526.0,13289.0,20467.0,864.0,28092.0,883.0,1191.0,806.0,40.0,-101.0,135.0,0.0,0.5567300000000001,3.1015,1.2341,3.584,1.2502,31.23,23.813162
2012-09-02,-510.0,5701.0,14226.0,21488.0,1329.0,28744.0,857.0,1190.0,799.0,40.0,-30.0,160.0,0.0,0.5519,3.1211,1.2456,3.5392,1.2486,31.33,24.347855
2012-09-09,-597.0,5870.0,15390.0,22335.0,1074.0,28837.0,704.0,1149.0,734.0,40.0,20.0,141.0,0.0,0.54801,3.107,1.2425,3.5263,1.2387,31.2,25.409487
2012-09-16,-703.0,6013.0,14715.0,21776.0,1232.0,28399.0,727.0,1189.0,805.0,41.0,-33.0,129.0,0.0,0.53158,3.037,1.2004,3.4387,1.2198,30.76,24.905788
2012-09-23,-825.0,6202.0,13941.0,21069.0,1485.0,27633.0,647.0,1104.0,717.0,41.0,35.0,167.0,0.0,0.53603,3.0498,1.2012,3.4781,1.2237,30.81,24.363348000000002
2012-09-30,-881.0,6250.0,13040.0,20099.0,1447.0,27384.0,685.0,1211.0,807.0,41.0,7.0,153.0,0.0,0.5384399999999999,3.0623,1.2015,3.5099,1.2257,30.79,25.27
2012-10-07,-1340.0,6203.0,11788.0,19159.0,1187.0,25807.0,463.0,1147.0,789.0,41.0,-83.0,157.0,0.0,0.53538,3.0527,1.2133,3.5212,1.2268,30.55,22.581045
2012-10-14,-540.0,6393.0,11489.0,19465.0,1153.0,26651.0,394.0,1074.0,892.0,41.0,-110.0,143.0,0.0,0.5367,3.0577,1.2194,3.5195,1.2208,30.64,22.9685
2012-10-21,-394.0,6748.0,11864.0,19718.0,1130.0,26661.0,489.0,1251.0,874.0,41.0,-87.0,154.0,0.0,0.53418,3.0522,1.2206,3.5161,1.2209,30.72,22.077347
2012-10-28,-727.0,6559.0,11579.0,19779.0,1151.0,27615.0,354.0,1061.0,749.0,41.0,-115.0,151.0,0.0,0.5393600000000001,3.0551,1.2194,3.5325,1.222,30.74,22.286573
2012-11-04,-976.0,5761.0,12772.0,19707.0,1159.0,28223.0,279.0,1152.0,694.0,41.0,-36.0,154.0,0.0,0.54179,3.0535,1.2088,3.5233,1.2223,30.75,22.75927
2012-11-11,-620.0,5664.0,12070.0,19123.0,933.0,28163.0,378.0,1097.0,763.0,42.0,-78.0,142.0,0.0,0.54845,3.0647,1.2307,3.5676,1.226,30.65,22.922005
2012-11-18,-660.0,5044.0,12016.0,18831.0,840.0,27019.0,358.0,1183.0,831.0,42.0,-50.0,176.0,0.0,0.54633,3.07,1.2349,3.5569,1.227,30.75,24.022387
2012-11-25,-902.0,4889.0,12706.0,18913.0,775.0,26408.0,472.0,1053.0,813.0,42.0,-98.0,145.0,0.0,0.5392399999999999,3.0587,1.2209,3.5148,1.2241,30.7,25.147259
2012-12-02,-501.0,5429.0,11813.0,19019.0,674.0,25913.0,485.0,1122.0,833.0,42.0,1.0,148.0,0.0,0.5361199999999999,3.0398,1.2217,3.4767,1.2212,30.7,24.804064
2012-12-09,-504.0,4894.0,13168.0,20014.0,619.0,27054.0,411.0,1026.0,841.0,42.0,34.0,156.0,0.0,0.53964,3.0557,1.2015,3.5169,1.221,30.68,25.428061
2012-12-16,-481.0,4176.0,12829.0,18291.0,665.0,25452.0,448.0,1049.0,887.0,43.0,7.0,168.0,0.0,0.5323,3.0565,1.1898,3.4187,1.2216,30.63,26.816465
2012-12-23,-653.0,4400.0,12001.0,17820.0,677.0,26221.0,400.0,1111.0,911.0,43.0,26.0,147.0,0.0,0.52722,3.0608,1.2135,3.3669,1.2208,30.63,26.387461
2012-12-30,-958.0,4586.0,11546.0,17557.0,663.0,24887.0,386.0,1022.0,812.0,43.0,62.0,131.0,0.0,0.52932,3.0613,1.2177,3.3668,1.2231,30.61,27.081665
2013-01-06,-807.0,4724.0,10688.0,17116.0,674.0,25373.0,178.0,1105.0,958.0,43.0,234.0,150.0,0.0,0.53589,3.0477,1.2147,3.4027,1.2307,30.51,27.222067
2013-01-13,-1123.0,3937.0,10032.0,15365.0,630.0,23753.0,549.0,1305.0,988.0,43.0,19.0,145.0,0.0,0.52546,3.0210000000000004,1.1904,3.2991,1.2257,30.27,28.719666999999998
2013-01-20,-886.0,3863.0,9965.0,15396.0,554.0,23414.0,628.0,1209.0,1157.0,44.0,48.0,158.0,0.0,0.52349,3.0126,1.1957,3.2571,1.2263,29.74,29.608868
2013-01-27,-912.0,3740.0,9348.0,14714.0,624.0,22812.0,674.0,1132.0,1137.0,44.0,4.0,186.0,0.0,0.51875,3.0525,1.1953,3.2395,1.2314,29.924,34.109489
2013-02-03,-1286.0,3453.0,9614.0,14438.0,511.0,22700.0,823.0,1119.0,803.0,44.0,-9.0,136.0,0.0,0.51327,3.1114,1.1867,3.2065,1.2411,29.8,35.349693
2013-02-10,-981.0,3359.0,10321.0,14868.0,558.0,21730.0,466.0,811.0,646.0,44.0,-87.0,130.0,0.0,0.5231,3.0982,1.1935,3.2877,1.2377,29.79,36.839496999999994
2013-02-17,-1120.0,3288.0,10124.0,14543.0,555.0,20962.0,288.0,841.0,728.0,44.0,-107.0,79.0,0.0,0.52503,3.094,1.1785,3.2934,1.2373,29.87,35.682735
2013-02-24,-1459.0,3446.0,10192.0,14497.0,586.0,20946.0,382.0,851.0,793.0,44.0,-40.0,90.0,0.0,0.53064,3.1015,1.1934,3.3205,1.2377,29.84,35.72975200000001
2013-03-03,-1212.0,2920.0,9025.0,12753.0,596.0,18814.0,356.0,794.0,824.0,44.0,-5.0,102.0,0.0,0.53892,3.0971,1.2122,3.3569,1.24,29.79,36.450779
2013-03-10,-1039.0,2871.0,7864.0,11515.0,658.0,18106.0,717.0,801.0,776.0,44.0,-90.0,131.0,0.0,0.53552,3.1060000000000003,1.2062,3.3298,1.2465,29.72,34.358261
2013-03-17,-1288.0,2727.0,7577.0,11202.0,758.0,17931.0,652.0,1035.0,671.0,45.0,-7.0,128.0,0.0,0.53599,3.1237,1.2141,3.3571,1.2482,29.54,34.499317
2013-03-24,-1284.0,2846.0,6404.0,10208.0,699.0,16635.0,597.0,988.0,738.0,45.0,-125.0,146.0,0.0,0.5424,3.1121,1.2017,3.4201,1.2494,29.32,35.651379
2013-03-31,-997.0,2440.0,6117.0,9379.0,580.0,15045.0,712.0,982.0,624.0,45.0,-13.0,128.0,0.0,0.54799,3.0964,1.1955,3.4512,1.2417,29.225,32.477321999999994
2013-04-07,-737.0,2196.0,5669.0,8440.0,588.0,14688.0,649.0,870.0,607.0,45.0,-127.0,209.0,0.0,0.54172,3.0606,1.1904,3.4159,1.2396,29.31,32.336246
2013-04-14,-581.0,2300.0,6604.0,10278.0,552.0,15883.0,730.0,867.0,599.0,45.0,-115.0,129.0,0.0,0.53678,3.0388,1.1632,3.3627,1.2376,29.03,30.32209000000001
2013-04-21,-789.0,2033.0,6607.0,9957.0,509.0,15695.0,1110.0,855.0,554.0,47.0,-119.0,86.0,0.0,0.53389,3.0355,1.1808,3.3308,1.2359,28.6,32.32058
2013-04-28,-483.0,2352.0,6753.0,9797.0,551.0,15983.0,920.0,900.0,595.0,47.0,-166.0,93.0,0.0,0.53843,3.0344,1.1752,3.3385,1.2385,29.3,31.706238
2013-05-05,-239.0,2546.0,6472.0,10009.0,537.0,16198.0,855.0,844.0,651.0,47.0,-98.0,103.0,0.0,0.5337,3.0342,1.1736,3.2813,1.2333,29.58,32.777969
2013-05-12,-910.0,2559.0,6218.0,9698.0,706.0,16835.0,796.0,924.0,509.0,47.0,-75.0,89.0,0.0,0.53881,2.9873,1.2029,3.3337,1.2373,29.78,33.961163
2013-05-19,-409.0,2558.0,5616.0,8941.0,840.0,16393.0,563.0,990.0,635.0,48.0,-96.0,99.0,0.0,0.5434,3.022,1.2368,3.3701,1.2554,29.78,34.50132
2013-05-26,-409.0,2658.0,5957.0,9346.0,895.0,16776.0,616.0,848.0,544.0,48.0,-171.0,101.0,0.0,0.54123,3.0345,1.2337,3.3658,1.2644,29.92,35.031483
2013-06-02,-639.0,2901.0,4791.0,8627.0,834.0,15724.0,637.0,796.0,383.0,48.0,66.0,84.0,0.0,0.5396,3.096,1.2506,3.3710000000000004,1.2619,30.355,33.8339
2013-06-09,-555.0,2925.0,4977.0,8784.0,815.0,16434.0,455.0,723.0,385.0,48.0,-24.0,117.0,0.0,0.5293399999999999,3.0935,1.2563,3.4316,1.2428,30.59,33.308341999999996
2013-06-16,-910.0,2723.0,4945.0,8825.0,687.0,15564.0,505.0,734.0,388.0,48.0,-67.0,101.0,0.0,0.5274800000000001,3.1155,1.238,3.3517,1.2507,30.58,30.783934000000002
2013-06-23,-153.0,3111.0,4903.0,9309.0,527.0,14945.0,522.0,694.0,476.0,50.0,-106.0,76.0,0.0,0.53232,3.2035,1.2901,3.4408,1.2739,31.11,30.146373999999998
2013-06-30,-1064.0,3210.0,5564.0,9721.0,493.0,15625.0,430.0,725.0,433.0,50.0,-40.0,73.0,0.0,0.537,3.1606,1.2838,3.41,1.2649,31.05,29.026328999999997
2013-07-07,-1272.0,3178.0,5905.0,9802.0,628.0,15333.0,702.0,736.0,397.0,50.0,-42.0,101.0,0.0,0.54483,3.1885,1.2769,3.447,1.2754,31.15,29.758667
2013-07-14,-609.0,3139.0,6104.0,9929.0,750.0,16938.0,484.0,801.0,489.0,50.0,-51.0,93.0,0.0,0.53913,3.1775,1.2853,3.3932,1.2659,31.18,29.482969
2013-07-21,-924.0,3236.0,5466.0,9463.0,696.0,16849.0,296.0,681.0,398.0,52.0,-55.0,81.0,0.0,0.53532,3.194,1.2551,3.3726,1.2643,31.033,30.732233
2013-07-28,-863.0,3480.0,5600.0,9805.0,689.0,17171.0,402.0,710.0,383.0,52.0,-110.0,85.0,0.0,0.52979,3.2077,1.241,3.31,1.2643,31.14,31.068255999999998
2013-08-04,-668.0,2830.0,6315.0,9981.0,652.0,17860.0,435.0,661.0,406.0,52.0,-142.0,103.0,0.0,0.5323,3.2625,1.2698,3.3617,1.2761,31.39,31.903978000000002
2013-08-11,-1129.0,2850.0,6603.0,10464.0,615.0,17972.0,584.0,517.0,519.0,52.0,-142.0,93.0,0.0,0.52569,3.2545,1.2474,3.3188,1.2584,31.27,30.95624
2013-08-18,-1453.0,2836.0,6000.0,9994.0,682.0,16340.0,873.0,725.0,299.0,55.0,-95.0,99.0,0.0,0.52676,3.2772,1.237,3.3328,1.2709,31.28,31.188321999999996
2013-08-25,-1159.0,3142.0,5701.0,9972.0,633.0,16966.0,916.0,639.0,269.0,55.0,-115.0,97.0,0.0,0.52617,3.301,1.2868,3.3263,1.2819,32.01,31.032290999999997
2013-09-01,-1239.0,3207.0,5761.0,10080.0,551.0,16368.0,844.0,654.0,270.0,55.0,-80.0,77.0,0.0,0.5310199999999999,3.2908,1.2876,3.3487,1.2744,32.155,31.85578
2013-09-08,-1684.0,3005.0,5596.0,10110.0,515.0,16582.0,886.0,588.0,323.0,55.0,-89.0,54.0,0.0,0.53564,3.329,1.2583,3.4105,1.2785,32.355,30.078793
2013-09-15,-1303.0,3449.0,5394.0,9891.0,527.0,16953.0,996.0,632.0,288.0,55.0,-122.0,59.0,0.0,0.52832,3.2915,1.2278,3.36,1.2686,31.863000000000003,30.104792
2013-09-22,-1221.0,3476.0,5901.0,10055.0,774.0,17527.0,1076.0,633.0,400.0,56.0,-165.0,55.0,0.0,0.51983,3.165,1.1953,3.3016,1.2493,31.02,29.740725
2013-09-29,-1585.0,3859.0,5839.0,10744.0,877.0,17989.0,831.0,612.0,373.0,56.0,-254.0,60.0,0.0,0.51917,3.2276,1.2095,3.3015,1.2547,31.28,29.558695
2013-10-06,-1378.0,4131.0,6017.0,10899.0,870.0,18482.0,1096.0,557.0,339.0,56.0,-272.0,57.0,0.0,0.51703,3.1786,1.204,3.2579,1.2464,31.3,30.832929999999998
2013-10-13,-1254.0,4465.0,6097.0,11529.0,573.0,18614.0,1371.0,630.0,214.0,56.0,-217.0,64.0,0.0,0.51799,3.1788,1.1987,3.2785,1.2458,31.28,33.277367
2013-10-20,-1639.0,4668.0,6467.0,12532.0,728.0,19737.0,1231.0,575.0,298.0,56.0,-159.0,59.0,0.0,0.51352,3.1568,1.1784,3.2526,1.2375,31.05,34.170189
2013-10-27,-1187.0,5070.0,5993.0,12072.0,741.0,18771.0,1473.0,545.0,376.0,56.0,-233.0,53.0,0.0,0.50998,3.1566,1.205,3.2308,1.2365,31.097,35.687138
2013-11-03,-1246.0,5476.0,5827.0,12238.0,716.0,19335.0,969.0,626.0,259.0,56.0,104.0,55.0,0.0,0.5203300000000001,3.1783,1.2101,3.2872,1.2427,31.199,34.04884000000001
2013-11-10,-1364.0,5496.0,5761.0,12258.0,639.0,19207.0,898.0,647.0,200.0,56.0,125.0,54.0,0.0,0.52304,3.1785,1.1988,3.3075,1.2418,31.34,37.134739
2013-11-17,-1744.0,5011.0,5448.0,11455.0,668.0,18275.0,846.0,672.0,271.0,56.0,171.0,53.0,0.0,0.5219199999999999,3.2023,1.2048,3.3071,1.2475,31.595,36.874691
2013-11-24,-1608.0,5303.0,5051.0,11615.0,665.0,19434.0,632.0,631.0,197.0,57.0,174.0,52.0,0.0,0.5199,3.2208,1.2261,3.2912,1.2514,31.835,39.847896999999996
2013-12-01,-1409.0,5326.0,5905.0,12198.0,675.0,19650.0,643.0,712.0,189.0,57.0,190.0,67.0,0.0,0.51649,3.2257,1.2268,3.261,1.255,32.065,39.512009
2013-12-08,-1835.0,4791.0,6251.0,12180.0,598.0,19177.0,746.0,691.0,231.0,57.0,234.0,71.0,0.0,0.5146,3.2349,1.2197,3.2655,1.2531,32.306,39.973789000000004
2013-12-15,-1379.0,4232.0,5568.0,10388.0,635.0,17136.0,775.0,601.0,290.0,57.0,259.0,67.0,0.0,0.51213,3.2363,1.2159,3.2471,1.2567,32.055,40.653358000000004
2013-12-22,-1973.0,3795.0,4764.0,9792.0,577.0,17791.0,700.0,495.0,364.0,58.0,233.0,50.0,0.0,0.5142399999999999,3.2880000000000003,1.2248,3.2794,1.2677,32.6,42.483036
2013-12-29,-2260.0,3071.0,5537.0,10050.0,635.0,17873.0,702.0,556.0,288.0,58.0,174.0,52.0,0.0,0.5080399999999999,3.2877,1.2229,3.2304,1.2675,32.875,43.45013400000001
2014-01-05,-2161.0,3606.0,5546.0,10540.0,637.0,19174.0,511.0,505.0,302.0,58.0,273.0,66.0,0.0,13.071,6.1306,44.662,33.108000000000004,33.022,2.1738,46.090084000000004
2014-01-12,-2205.0,3124.0,5786.0,10135.0,670.0,18300.0,426.0,491.0,249.0,58.0,177.0,55.0,0.0,13.08,6.1842,44.709,33.228,33.068000000000005,2.1774,44.330128
2014-01-19,-1924.0,3482.0,5717.0,10347.0,739.0,18468.0,591.0,471.0,232.0,58.0,120.0,57.0,1.0,13.318,6.1687,45.102,33.558,32.845,2.2189,44.652493
2014-01-26,-1795.0,3200.0,5250.0,9383.0,686.0,17333.0,555.0,392.0,273.0,61.0,182.0,72.0,0.0,13.486,6.131,45.459,34.425,32.868,2.3298,44.791901
2014-02-02,-1699.0,3096.0,4958.0,9169.0,709.0,16680.0,443.0,415.0,293.0,61.0,170.0,58.0,0.0,13.437,6.2970000000000015,45.398,35.327,32.997,2.2745,41.106426
2014-02-09,-1890.0,3564.0,4745.0,10204.0,672.0,17135.0,407.0,508.0,199.0,61.0,159.0,61.0,0.0,13.343,6.1971,44.999,34.713,32.866,2.222,42.700855
2014-02-16,-2005.0,3342.0,4603.0,9200.0,668.0,16435.0,530.0,525.0,260.0,61.0,124.0,72.0,0.0,13.254,6.0954,44.577,35.08,32.316,2.1859,43.428581
2014-02-23,-2148.0,2991.0,4451.0,8791.0,757.0,16271.0,389.0,443.0,237.0,64.0,107.0,64.0,0.0,13.303,6.1042,44.57,35.779,32.54,2.1957,42.482765
2014-03-02,-1847.0,2912.0,4122.0,8165.0,617.0,15438.0,454.0,478.0,272.0,64.0,110.0,67.0,0.0,13.255,5.9907,44.649,36.157,32.626999999999995,2.212,46.309810999999996
2014-03-09,-1905.0,2917.0,3885.0,7877.0,579.0,14651.0,860.0,535.0,304.0,64.0,149.0,63.0,0.0,13.168,5.957999999999998,44.31399999999999,36.347,32.268,2.194,47.32568
2014-03-16,-1934.0,3068.0,4149.0,8132.0,659.0,14538.0,810.0,499.0,264.0,64.0,154.0,56.0,0.0,13.292,5.9835,44.67100000000001,36.683,32.288000000000004,2.2357,48.332794
2014-03-23,-1862.0,3116.0,4302.0,8144.0,580.0,14394.0,872.0,544.0,318.0,64.0,210.0,60.0,0.0,13.258,6.0737,45.272,36.306,32.36,2.2396,45.688026
2014-03-30,-1872.0,2708.0,3587.0,7018.0,605.0,13539.0,838.0,559.0,322.0,67.0,244.0,55.0,0.0,13.077,5.9928,44.752,35.73300000000001,32.5,2.1904,48.85825300000001
2014-04-06,-1735.0,2978.0,3817.0,7912.0,695.0,14099.0,810.0,583.0,332.0,67.0,233.0,52.0,0.0,13.109000000000002,5.9945,44.948,35.376,32.553000000000004,2.138,45.47784
2014-04-13,-1524.0,2746.0,4078.0,7316.0,686.0,13640.0,673.0,546.0,285.0,67.0,369.0,58.0,0.0,13.094,5.9548,44.435,35.731,32.306,2.1259,49.042152
2014-04-20,-1671.0,2572.0,3914.0,7676.0,658.0,13463.0,732.0,524.0,270.0,67.0,353.0,53.0,0.0,13.063,5.9779,44.344,35.916,32.184,2.1329,49.523815
2014-04-27,-1159.0,2435.0,4460.0,7763.0,505.0,13587.0,795.0,506.0,142.0,71.0,535.0,47.0,0.0,13.126,5.9898,44.611,36.026,32.26,2.1357,50.539691999999995
2014-05-04,-1032.0,2004.0,4583.0,7373.0,546.0,13891.0,663.0,524.0,190.0,71.0,527.0,43.0,0.0,13.03,5.9411,44.478,35.817,32.356,2.103,49.751514
2014-05-11,-839.0,1909.0,4758.0,7431.0,407.0,14118.0,568.0,552.0,265.0,71.0,484.0,73.0,0.0,12.964,5.9045,43.655,35.213,32.606,2.0798,48.893271999999996
2014-05-18,-764.0,1966.0,4926.0,7817.0,432.0,14998.0,515.0,458.0,252.0,71.0,490.0,68.0,0.0,12.948,5.9510000000000005,43.85,34.822,32.5,2.0995,47.877399
2014-05-25,-1062.0,1998.0,4732.0,7850.0,367.0,15286.0,596.0,504.0,213.0,74.0,492.0,75.0,0.0,12.894,5.9652,43.721,34.122,32.6,2.0888,49.828724
2014-06-01,-744.0,1979.0,4828.0,7744.0,369.0,13714.0,782.0,520.0,219.0,74.0,502.0,69.0,0.0,12.849,5.9841,43.831,34.769,32.847,2.0944,48.948982
2014-06-08,-1397.0,2169.0,5451.0,8355.0,360.0,14555.0,1209.0,483.0,255.0,74.0,327.0,70.0,0.0,12.857,5.9738,43.54600000000001,34.697,32.561,2.0913,47.339043
2014-06-15,-1041.0,2153.0,4994.0,8223.0,331.0,14297.0,1016.0,371.0,188.0,74.0,446.0,75.0,0.0,13.008,6.0038,43.87600000000001,34.431999999999995,32.406,2.1244,50.224606
2014-06-22,-1507.0,2305.0,5574.0,8827.0,245.0,14652.0,1095.0,499.0,218.0,273.0,313.0,82.0,0.0,13.011,6.1392,43.76300000000001,34.364000000000004,32.453,2.1431,45.984241
2014-06-29,-1584.0,2633.0,5239.0,8827.0,247.0,14733.0,1270.0,459.0,171.0,273.0,358.0,92.0,1.0,13.011,6.1392,43.76300000000001,34.364000000000004,32.453,2.1431,44.866966
2014-07-06,-1316.0,1881.0,5108.0,7535.0,281.0,13624.0,1237.0,483.0,252.0,273.0,393.0,136.0,0.0,13.011,6.1392,43.76300000000001,34.364000000000004,32.453,2.1431,43.292217
2014-07-13,-1444.0,2020.0,4572.0,7120.0,359.0,13917.0,1063.0,420.0,208.0,273.0,335.0,104.0,0.0,12.999,6.1618,43.517,34.148,32.155,2.1225,42.966713
2014-07-20,-1331.0,1979.0,4459.0,7022.0,328.0,13590.0,966.0,396.0,227.0,273.0,315.0,105.0,0.0,12.953,6.1793,43.469,35.046,32.135,2.1257,42.825953999999996
2014-07-27,-1837.0,1980.0,4872.0,7672.0,331.0,13724.0,852.0,488.0,322.0,295.0,313.0,89.0,0.0,12.953,6.1793,43.469,35.046,32.135,2.1257,44.691013
2014-08-03,-2213.0,2373.0,4401.0,7373.0,343.0,13529.0,524.0,479.0,228.0,295.0,289.0,61.0,0.0,12.953,6.1793,43.469,35.046,32.135,2.1257,44.735003999999996
2014-08-10,-1595.0,2507.0,4228.0,7625.0,388.0,13946.0,238.0,464.0,162.0,295.0,277.0,100.0,0.0,12.953,6.1793,43.469,35.046,32.135,2.1257,46.432911
2014-08-17,-1234.0,2535.0,4009.0,7836.0,406.0,14342.0,341.0,366.0,203.0,295.0,158.0,74.0,0.0,12.953,6.1793,43.469,35.046,32.135,2.1257,47.075119
2014-08-24,-2088.0,2475.0,4257.0,7675.0,324.0,14429.0,364.0,406.0,200.0,385.0,137.0,76.0,0.0,13.111,6.1427,43.907,36.217,31.955,2.1833,47.897903
2014-08-31,-1360.0,2485.0,4173.0,8160.0,261.0,14332.0,332.0,447.0,304.0,385.0,192.0,81.0,1.0,13.092,6.1772,43.663,36.959,31.954,2.1615,46.518260999999995
2014-09-07,-1698.0,1685.0,4206.0,7084.0,287.0,14081.0,629.0,459.0,209.0,385.0,217.0,46.0,0.0,13.145,6.2844,43.642,36.94300000000001,32.079,2.1681,44.10392
2014-09-14,-1836.0,1586.0,4020.0,7050.0,309.0,13820.0,609.0,521.0,183.0,385.0,203.0,59.0,0.0,13.245,6.3727,44.0,37.896,32.195,2.2045,42.11405900000001
2014-09-21,-1702.0,1489.0,4324.0,7004.0,366.0,13981.0,645.0,509.0,184.0,385.0,233.0,62.0,0.0,13.207,6.3445,44.497,38.463,32.212,2.2261,40.97322800000001
2014-09-28,-2288.0,1680.0,4376.0,7103.0,424.0,13711.0,684.0,414.0,211.0,420.0,93.0,68.0,0.0,13.38,6.4149,44.874,39.014,32.306999999999995,2.257,39.947338
2014-10-05,-2069.0,1828.0,4162.0,6888.0,363.0,13710.0,844.0,515.0,110.0,420.0,159.0,70.0,0.0,13.4,6.4826,44.871,39.776,32.521,2.2792,40.177284
2014-10-12,-2181.0,1860.0,4519.0,7201.0,374.0,14256.0,808.0,468.0,128.0,420.0,155.0,70.0,0.0,13.464,6.5343,44.794,40.43,32.464,2.2817,39.575901
2014-10-19,-2284.0,1841.0,3992.0,7119.0,467.0,14670.0,704.0,468.0,156.0,420.0,77.0,69.0,0.0,13.502,6.5363,44.851000000000006,40.795,32.38,2.2473,42.458965
2014-10-26,-1940.0,1730.0,3886.0,6954.0,430.0,15008.0,762.0,459.0,187.0,411.0,53.0,65.0,0.0,13.541,6.5882,44.782,41.973,32.408,2.2381,43.201843
2014-11-02,-1675.0,1878.0,3885.0,7721.0,463.0,16026.0,799.0,459.0,169.0,411.0,79.0,66.0,0.0,13.470999999999998,6.779,44.99800000000001,43.004,32.603,2.2173,44.431129
2014-11-09,-1835.0,1995.0,5264.0,9284.0,411.0,17771.0,667.0,323.0,219.0,411.0,37.0,71.0,1.0,13.632,6.8559,45.036,46.139,32.876999999999995,2.2746,43.935883000000004
2014-11-16,-2042.0,2028.0,5698.0,9169.0,511.0,18340.0,595.0,229.0,254.0,411.0,132.0,72.0,1.0,13.625,6.7972,45.039,47.305,32.86,2.2439,44.448826000000004
2014-11-23,-1901.0,1820.0,5112.0,8891.0,434.0,17379.0,1233.0,345.0,321.0,374.0,81.0,55.0,0.0,13.614,6.7638,44.914,45.49,32.735,2.2215,45.301826
2014-11-30,-1647.0,1906.0,6341.0,9519.0,451.0,18203.0,1318.0,332.0,322.0,374.0,129.0,61.0,0.0,13.836,6.9675,44.978,49.143,32.838,2.2105,45.879878999999995
2014-12-07,-1854.0,1739.0,6491.0,9152.0,451.0,16950.0,1363.0,433.0,248.0,374.0,163.0,52.0,0.0,14.155,7.1271,44.591,53.65600000000001,32.937,2.2375,41.628941
2014-12-14,-1063.0,1612.0,6433.0,9279.0,455.0,16881.0,1306.0,280.0,219.0,374.0,200.0,61.0,1.0,14.869000000000002,7.3245,44.506,57.364,32.79,2.291,41.860165
2014-12-21,-945.0,1581.0,5877.0,8504.0,444.0,15776.0,1253.0,391.0,264.0,388.0,178.0,64.0,0.0,14.528,7.3414,44.74100000000001,59.795,32.87,2.3253,44.279118
2014-12-28,-1288.0,1509.0,5659.0,8114.0,467.0,15282.0,1231.0,425.0,305.0,388.0,161.0,65.0,0.0,14.741,7.4892,44.681,54.739,32.874,2.3251,44.021209999999996
2015-01-04,-707.0,1928.0,5284.0,8038.0,405.0,15162.0,974.0,469.0,383.0,388.0,144.0,58.0,0.0,3.5165,1.2961,3.5749,7.8637,2.3526,11.662,44.483658
2015-01-11,-1467.0,1824.0,5126.0,7729.0,405.0,14681.0,960.0,507.0,256.0,388.0,125.0,62.0,0.0,3.56,1.2795,3.6146,8.0321,2.2987,11.569,39.192219
2015-01-18,-1222.0,1913.0,4490.0,6965.0,401.0,14534.0,1019.0,488.0,252.0,388.0,80.0,63.0,0.0,3.56,1.2795,3.6146,8.0321,2.2987,11.569,42.687228999999995
2015-01-25,-1171.0,1808.0,3960.0,6665.0,405.0,13881.0,1131.0,500.0,389.0,502.0,119.0,63.0,0.0,3.56,1.2795,3.6146,8.0321,2.2987,11.569,46.315647
2015-02-01,-1514.0,1712.0,4377.0,7060.0,457.0,14217.0,1313.0,503.0,338.0,502.0,146.0,64.0,0.0,3.6356,1.3771,3.7218,8.2806,2.4395,11.59,48.921349
2015-02-08,-1678.0,1582.0,3772.0,6450.0,467.0,13847.0,963.0,530.0,307.0,502.0,110.0,61.0,0.0,3.5247,1.3466,3.6385,8.2611,2.4354,11.312,50.290886
2015-02-15,-1648.0,1406.0,3390.0,5953.0,534.0,13053.0,825.0,488.0,237.0,502.0,111.0,66.0,0.0,3.5746,1.3454,3.67,8.4252,2.4695,11.724,53.912197
2015-02-22,-1665.0,1161.0,3476.0,5793.0,468.0,12772.0,793.0,385.0,245.0,478.0,145.0,61.0,0.0,3.6485,1.3241,3.7008,8.4274,2.4637,11.655,55.51577800000001
2015-03-01,-1922.0,1306.0,3159.0,5916.0,317.0,12466.0,724.0,437.0,225.0,478.0,132.0,66.0,0.0,3.61,1.3211,3.6943,8.3357,2.5178,11.626,53.715118000000004
2015-03-08,-2398.0,1316.0,2909.0,5226.0,349.0,12808.0,1432.0,401.0,323.0,478.0,141.0,60.0,0.0,3.6416,1.3342,3.7561,8.3821,2.5791,11.779000000000002,51.762169
2015-03-15,-1715.0,1581.0,3208.0,5925.0,365.0,12613.0,1130.0,368.0,330.0,478.0,131.0,58.0,0.0,3.691,1.3618,3.9292,8.6566,2.6381,12.466,54.467636
2015-03-22,-1933.0,1386.0,3295.0,5435.0,363.0,11878.0,950.0,410.0,223.0,503.0,160.0,65.0,0.0,3.691,1.3618,3.9292,8.6566,2.6381,12.466,56.778918999999995
2015-03-29,-1927.0,1422.0,3050.0,5247.0,415.0,12415.0,683.0,771.0,325.0,503.0,122.0,60.0,0.0,3.691,1.3618,3.9292,8.6566,2.6381,12.466,53.571777000000004
2015-04-05,-1668.0,1228.0,2984.0,5048.0,414.0,11402.0,447.0,386.0,271.0,503.0,163.0,59.0,0.0,3.6602,1.3388,3.7532,8.6283,2.5988,11.999,52.783432
2015-04-12,-1667.0,962.0,2787.0,4437.0,427.0,10536.0,736.0,550.0,417.0,503.0,156.0,63.0,0.0,3.6602,1.3388,3.7532,8.6283,2.5988,11.999,52.192173
2015-04-19,-1581.0,951.0,3234.0,4766.0,428.0,10350.0,627.0,553.0,421.0,503.0,137.0,65.0,0.0,3.6166,1.2969,3.7162,8.5927,2.6851,11.947,53.061153000000004
2015-04-26,-986.0,984.0,3057.0,4702.0,416.0,10309.0,804.0,532.0,506.0,467.0,172.0,58.0,0.0,3.5741,1.3216,3.7076,8.6674,2.7314,12.182,50.973824
2015-05-03,-1981.0,930.0,2751.0,4566.0,457.0,10021.0,932.0,474.0,529.0,467.0,163.0,59.0,0.0,3.5573,1.3132,3.5889,8.3157,2.6585,11.807,51.771133
2015-05-10,-1126.0,951.0,2969.0,4889.0,402.0,10637.0,849.0,442.0,524.0,467.0,163.0,61.0,0.0,3.5573,1.3132,3.5889,8.3157,2.6585,11.807,53.562819999999995
2015-05-17,-1288.0,1086.0,3111.0,5037.0,494.0,10988.0,788.0,440.0,551.0,467.0,150.0,62.0,0.0,3.5707,1.3451,3.5692,8.3221,2.5958,11.868,54.667483999999995
2015-05-24,-1180.0,1020.0,3208.0,5215.0,478.0,10740.0,801.0,303.0,530.0,441.0,146.0,69.0,0.0,3.5841,1.3587,3.6728,8.2834,2.5927,11.783,53.14318100000001
2015-05-31,-1621.0,1241.0,3783.0,5961.0,490.0,12279.0,871.0,364.0,433.0,441.0,88.0,64.0,0.0,3.6641,1.4043,3.7646,8.5025,2.6607,12.161,51.303196
2015-06-07,-1449.0,1139.0,4124.0,5906.0,567.0,11720.0,955.0,376.0,374.0,441.0,79.0,63.0,1.0,3.7231,1.4007,3.6942,8.3274,2.6653,12.402,53.801605
2015-06-14,-1048.0,1107.0,3775.0,5759.0,545.0,11871.0,1046.0,302.0,265.0,441.0,66.0,59.0,1.0,3.7528,1.4334,3.6985,8.2032,2.7166,12.414,54.360820999999994
2015-06-21,-1641.0,1107.0,4186.0,6140.0,527.0,12871.0,1001.0,354.0,287.0,571.0,103.0,60.0,0.0,3.7435,1.4508,3.6932,8.158,2.7122,12.267,54.3969
2015-06-28,-1187.0,1084.0,4220.0,6303.0,478.0,12618.0,1055.0,306.0,321.0,571.0,105.0,62.0,0.0,3.7865,1.4593,3.7276,8.27,2.6645,12.177,58.37451899999999
2015-07-05,-1435.0,1390.0,4451.0,6798.0,427.0,13117.0,1098.0,392.0,218.0,571.0,143.0,71.0,0.0,3.7795,1.4943,3.7811,8.4468,2.6922,12.289,57.824326
2015-07-12,-1642.0,1467.0,4973.0,7794.0,440.0,14296.0,1248.0,416.0,206.0,571.0,135.0,67.0,0.0,3.794,1.4814,3.7332,8.4131,2.6639,12.412,60.845879000000004
2015-07-19,-1482.0,1551.0,4105.0,6920.0,486.0,13320.0,1271.0,410.0,249.0,571.0,108.0,64.0,0.0,3.7968,1.5262,3.7701,8.5807,2.6506,12.323,59.276469999999996
2015-07-26,-1575.0,1613.0,4467.0,7018.0,538.0,13463.0,1262.0,366.0,322.0,571.0,153.0,73.0,0.0,3.8252,1.5239,3.7742,8.6171,2.7503,12.633,57.932564
2015-08-02,-1957.0,1545.0,5269.0,8292.0,589.0,14621.0,697.0,360.0,444.0,576.0,119.0,68.0,0.0,3.831,1.529,3.7782,8.6279,2.7797,12.694,59.240391
2015-08-09,-1540.0,1502.0,5967.0,8269.0,480.0,13927.0,759.0,385.0,333.0,576.0,143.0,69.0,0.0,3.9265,1.5215,3.8253,8.7509,2.7888,12.7,63.242065000000004
2015-08-16,-1270.0,1479.0,5236.0,7601.0,546.0,13494.0,790.0,369.0,428.0,576.0,142.0,69.0,1.0,4.0805,1.5248,3.7474,8.4422,2.8334,12.795,61.036568
2015-08-23,-1647.0,1661.0,5021.0,7635.0,507.0,13285.0,769.0,440.0,369.0,477.0,195.0,59.0,1.0,4.0805,1.5248,3.7474,8.4422,2.8334,12.795,52.958874
2015-08-30,-1577.0,1745.0,5390.0,8156.0,544.0,14163.0,899.0,456.0,269.0,477.0,137.0,58.0,1.0,4.1857,1.551,3.7633,8.4268,2.9216,13.237,53.911861
2015-09-06,-1783.0,1991.0,5086.0,8109.0,625.0,14380.0,1295.0,427.0,407.0,477.0,145.0,55.0,0.0,4.249,1.5692,3.7961,8.4528,2.9778,13.624,57.133862
2015-09-13,-2037.0,2018.0,5647.0,8390.0,576.0,14633.0,1260.0,541.0,427.0,477.0,131.0,57.0,1.0,4.3168,1.5898,3.7345,8.3164,3.0442,13.569,54.991909
2015-09-20,-1748.0,2235.0,5428.0,8438.0,557.0,14835.0,1281.0,472.0,403.0,477.0,167.0,61.0,1.0,4.2082,1.5503,3.6807,8.166,2.9996,13.22,54.274902000000004
2015-09-27,-1944.0,2524.0,5195.0,8821.0,501.0,14221.0,1184.0,359.0,558.0,526.0,137.0,67.0,0.0,4.3863,1.5764,3.786,8.4223,3.0282,13.737,56.489464
2015-10-04,-2301.0,2421.0,5420.0,8658.0,529.0,14550.0,1155.0,509.0,440.0,526.0,164.0,67.0,0.0,4.415,1.5599,3.8039,8.3703,3.0263,13.898,59.638863
2015-10-11,-1940.0,2091.0,5375.0,8650.0,468.0,14919.0,1040.0,425.0,329.0,526.0,114.0,63.0,1.0,4.1295,1.493,3.7115,8.1573,2.902,13.261,57.48783100000001
2015-10-18,-2341.0,2108.0,5417.0,8380.0,410.0,14824.0,1046.0,398.0,530.0,526.0,135.0,57.0,1.0,4.178,1.4733,3.7309,8.2357,2.9025,13.146,54.783165000000004
2015-10-25,-1874.0,2052.0,4877.0,7658.0,360.0,14302.0,1417.0,459.0,487.0,504.0,122.0,62.0,1.0,4.2279,1.4711,3.837,8.4878,2.8751,13.444,59.729618
2015-11-01,-2481.0,2367.0,5404.0,8470.0,341.0,15139.0,1437.0,461.0,359.0,504.0,127.0,54.0,1.0,4.2979,1.4858,3.8707,8.5201,2.9162,13.817,65.28418
2015-11-08,-1977.0,2697.0,5473.0,8939.0,365.0,15300.0,1390.0,505.0,345.0,504.0,156.0,59.0,0.0,4.3075,1.5107,3.9161,8.6376,2.8805,13.948,62.997005
2015-11-15,-2224.0,2963.0,5135.0,9345.0,297.0,15779.0,1261.0,393.0,291.0,504.0,129.0,62.0,0.0,4.378,1.5313,3.9418,8.676,2.8763,14.35,64.567162
2015-11-22,-2461.0,3085.0,5002.0,9338.0,300.0,15410.0,1243.0,397.0,293.0,445.0,88.0,64.0,0.0,4.2855,1.5247,3.9681,8.6823,2.8223,13.928,66.66350600000001
2015-11-29,-2484.0,3108.0,5474.0,9594.0,284.0,15382.0,1426.0,409.0,318.0,445.0,110.0,68.0,0.0,4.2855,1.5247,3.9681,8.6823,2.8223,13.928,63.976119999999995
2015-12-06,-2079.0,3131.0,5933.0,10156.0,298.0,16759.0,1524.0,428.0,307.0,445.0,128.0,64.0,0.0,4.2242,1.4969,3.9562,8.5052,2.912,14.427,65.246674
2015-12-13,-2036.0,2948.0,5819.0,10022.0,304.0,16322.0,1509.0,399.0,285.0,445.0,155.0,71.0,0.0,4.331,1.4847,3.9686,8.4938,2.9604,15.886,65.520912
2015-12-20,-2259.0,3290.0,5875.0,10045.0,378.0,15747.0,1414.0,555.0,300.0,500.0,129.0,61.0,0.0,4.331,1.4847,3.9686,8.4938,2.9604,15.886,65.74943499999999
2015-12-27,-2273.0,3055.0,5711.0,9893.0,350.0,15675.0,1407.0,442.0,296.0,500.0,118.0,67.0,0.0,4.2882,1.4663,3.8743,8.395,2.9223,15.187,64.634254
2016-01-03,-2250.0,3284.0,5521.0,9629.0,371.0,15436.0,1422.0,474.0,328.0,500.0,154.0,57.0,0.0,4.2882,1.4663,3.8743,8.395,2.9223,15.187,65.895676
2016-01-10,-2170.0,2996.0,5178.0,8813.0,377.0,15863.0,1889.0,511.0,391.0,500.0,147.0,59.0,0.0,4.384,1.5146,4.0073,8.5296,2.9915,16.009,61.53554200000001
2016-01-17,-1580.0,3052.0,4829.0,8695.0,358.0,15525.0,1681.0,403.0,356.0,500.0,180.0,64.0,0.0,4.384,1.5146,4.0073,8.5296,2.9915,16.009,57.979786
2016-01-24,-1566.0,2840.0,4632.0,8461.0,400.0,15417.0,1146.0,380.0,288.0,399.0,109.0,65.0,0.0,4.2846,1.5365,4.1254,8.5805,3.0137,16.482,58.994415000000004
2016-01-31,-1891.0,2805.0,4598.0,8499.0,456.0,15787.0,1158.0,332.0,263.0,399.0,150.0,62.0,0.0,4.148,1.5374,4.0658,8.5607,2.9638,16.019000000000002,56.480709
2016-02-07,-2046.0,2759.0,4616.0,8248.0,425.0,16218.0,1269.0,389.0,320.0,399.0,127.0,64.0,0.0,4.1535,1.4868,3.9398,8.4204,2.9011,15.853,50.795158
2016-02-14,-1653.0,2942.0,3998.0,8328.0,350.0,15855.0,1167.0,523.0,290.0,399.0,120.0,59.0,0.0,4.1645,1.5047,3.9121,8.3858,2.9295,15.893,51.284003999999996
2016-02-21,-1967.0,2953.0,4458.0,8174.0,333.0,16037.0,1329.0,504.0,379.0,399.0,142.0,65.0,0.0,4.221,1.5105,3.9453,8.4569,2.9653,15.445,56.019183999999996
2016-02-28,-2468.0,2660.0,4522.0,8723.0,369.0,15972.0,1127.0,490.0,495.0,387.0,145.0,68.0,0.0,4.2115,1.4853,3.9643,8.5144,2.939,15.675999999999998,58.926762
2016-03-06,-2444.0,2667.0,4521.0,9036.0,399.0,16362.0,1189.0,502.0,478.0,387.0,166.0,71.0,0.0,4.1112,1.4789,3.9483,8.5091,2.9195,15.613,59.240593000000004
2016-03-13,-2431.0,2507.0,4552.0,8100.0,474.0,15408.0,1255.0,464.0,458.0,387.0,126.0,64.0,0.0,4.0876,1.4949,3.8863,8.394,2.8754,15.241,59.240593000000004
2016-03-20,-2515.0,2628.0,4635.0,8327.0,384.0,14777.0,1192.0,535.0,458.0,387.0,139.0,67.0,0.0,4.0532,1.4673,3.7791,8.2253,2.8565,15.251,60.772827
2016-03-27,-2663.0,2543.0,4302.0,7686.0,432.0,14198.0,1128.0,387.0,501.0,387.0,167.0,67.0,0.0,4.0305,1.4923,3.8361,8.3098,2.8788,15.497,59.20367099999999
2016-04-03,-1470.0,2420.0,3554.0,6660.0,431.0,13263.0,969.0,483.0,271.0,339.0,127.0,64.0,0.0,4.0305,1.4923,3.8361,8.3098,2.8788,15.497,56.914536
2016-04-10,-1615.0,2261.0,3197.0,6004.0,455.0,12504.0,986.0,419.0,290.0,339.0,127.0,64.0,0.0,3.9103,1.4747,3.7801,8.1781,2.8527,15.068,56.822235
2016-04-17,-1845.0,2577.0,2903.0,6435.0,545.0,12909.0,1128.0,339.0,330.0,339.0,179.0,65.0,0.0,3.9069,1.4475,3.8078,8.1445,2.8547,14.571,55.98226500000001
2016-04-24,-1114.0,2483.0,2730.0,6092.0,627.0,12275.0,1055.0,388.0,307.0,390.0,126.0,62.0,0.0,3.9015,1.4529,3.8627,8.1134,2.8310000000000004,14.37,56.22225600000001
2016-05-01,-1410.0,2415.0,3030.0,5989.0,694.0,12000.0,995.0,383.0,296.0,390.0,154.0,59.0,0.0,3.9065,1.4344,3.8556,8.0408,2.8005,14.169,51.330151
2016-05-08,-1566.0,1803.0,2852.0,5408.0,667.0,11410.0,1159.0,369.0,394.0,390.0,131.0,62.0,0.0,4.012,1.4616,3.8679,8.117,2.9197,14.961,50.564029999999995
2016-05-15,-1498.0,1784.0,3135.0,5711.0,645.0,12055.0,1031.0,458.0,328.0,390.0,165.0,56.0,0.0,4.0299,1.4709,3.8711,8.2204,2.9643,15.168,51.136318
2016-05-22,-979.0,1818.0,3240.0,5749.0,621.0,11895.0,1048.0,409.0,378.0,390.0,116.0,62.0,0.0,4.081,1.4777,3.94,8.3419,2.9839,15.747,49.927135
2016-05-29,-1670.0,1610.0,3394.0,5978.0,586.0,11789.0,969.0,409.0,301.0,489.0,124.0,65.0,0.0,4.081,1.4777,3.94,8.3419,2.9839,15.747,51.987404
2016-06-05,-1403.0,1716.0,3222.0,5362.0,634.0,11560.0,941.0,408.0,306.0,489.0,154.0,64.0,0.0,4.1475,1.4602,3.9323,8.3024,2.9498,15.58,50.205357
2016-06-12,-1303.0,1999.0,3816.0,6430.0,612.0,12527.0,1019.0,381.0,264.0,489.0,168.0,67.0,0.0,4.0680000000000005,1.411,3.8562,8.2478,2.9188,15.09,48.320671000000004
2016-06-19,-1447.0,2002.0,4365.0,6958.0,664.0,13445.0,886.0,424.0,263.0,489.0,148.0,64.0,0.0,4.101,1.4181,3.9509,8.3361,2.9312,15.214,50.112049
2016-06-26,-983.0,1771.0,3656.0,5903.0,595.0,12545.0,1196.0,392.0,394.0,598.0,192.0,63.0,0.0,4.101,1.4181,3.9509,8.3361,2.9312,15.214,47.583595
2016-07-03,-1689.0,1373.0,3220.0,5236.0,651.0,11754.0,1092.0,376.0,398.0,598.0,174.0,60.0,0.0,3.9853,1.3927,3.9485,8.4329,2.8807,14.575,44.07547
2016-07-10,-1621.0,1371.0,3218.0,5586.0,719.0,12468.0,1212.0,462.0,255.0,598.0,187.0,59.0,0.0,4.023,1.375,3.9998,8.5533,2.927,14.696,47.023788
2016-07-17,-1448.0,1492.0,2973.0,5200.0,646.0,11283.0,1601.0,453.0,253.0,598.0,157.0,65.0,0.0,3.9479,1.3959,3.9629,8.4971,2.8869,14.348,46.715897
2016-07-24,-1542.0,1516.0,2888.0,5157.0,677.0,11431.0,1863.0,351.0,345.0,677.0,194.0,60.0,0.0,3.9479,1.3959,3.9629,8.4971,2.8869,14.348,48.39530900000001
2016-07-31,-1721.0,1458.0,2588.0,5148.0,815.0,11494.0,2272.0,427.0,349.0,677.0,163.0,65.0,0.0,4.0673,1.4051,3.926,8.6091,3.0166,14.155,49.75751500000001
2016-08-07,-1698.0,1668.0,3204.0,5505.0,783.0,11351.0,2447.0,439.0,366.0,677.0,190.0,65.0,0.0,4.0272,1.3869999999999998,3.8402,8.5195,3.0003,13.673,50.709183
2016-08-14,-1730.0,1668.0,3316.0,5651.0,862.0,12031.0,2491.0,408.0,355.0,677.0,159.0,65.0,0.0,4.0254,1.3889,3.8231,8.4512,2.9573,13.505999999999998,51.946781
2016-08-21,-1374.0,1609.0,3376.0,5642.0,813.0,11757.0,2627.0,410.0,405.0,677.0,150.0,60.0,0.0,4.0254,1.3889,3.8231,8.4512,2.9573,13.505999999999998,51.909042
2016-08-28,-2159.0,1762.0,3134.0,5604.0,884.0,11381.0,2435.0,427.0,409.0,698.0,137.0,64.0,0.0,4.0254,1.3889,3.8231,8.4512,2.9573,13.505999999999998,51.220325
2016-09-04,-1531.0,1641.0,3110.0,5419.0,900.0,11400.0,2291.0,464.0,354.0,501.0,130.0,64.0,0.0,4.0254,1.3889,3.8231,8.4512,2.9573,13.505999999999998,52.97515500000001
2016-09-11,-1585.0,1857.0,3155.0,5818.0,787.0,11857.0,2342.0,480.0,385.0,418.0,115.0,58.0,0.0,4.0912,1.3577,3.8467,8.4327,2.9677,14.324000000000002,53.01289000000001
2016-09-18,-3114.0,1989.0,2767.0,5752.0,866.0,11976.0,2375.0,441.0,336.0,588.0,146.0,62.0,0.0,4.0912,1.3577,3.8467,8.4327,2.9677,14.324000000000002,52.456249
2016-09-25,-2814.0,2248.0,2811.0,6072.0,818.0,12317.0,2771.0,555.0,281.0,507.0,158.0,65.0,0.0,4.1045,1.3764,3.8228,8.5447,2.948,13.587,48.786198
2016-10-02,-2592.0,2308.0,2933.0,6115.0,861.0,12327.0,2310.0,433.0,224.0,440.0,150.0,64.0,0.0,4.1045,1.3764,3.8228,8.5447,2.948,13.587,51.795834
2016-10-09,-2125.0,2312.0,3188.0,6318.0,837.0,13045.0,2506.0,429.0,262.0,481.0,179.0,64.0,0.0,4.1601,1.3995,3.8432,8.6477,3.0507,13.880999999999998,50.805199
2016-10-16,-1287.0,2470.0,3033.0,6675.0,777.0,13861.0,2354.0,382.0,210.0,439.0,136.0,66.0,0.0,4.1927,1.4096,3.9102,8.8228,3.0875,14.207,51.67318
2016-10-23,-2133.0,2510.0,3294.0,6646.0,723.0,14318.0,2274.0,324.0,152.0,415.0,148.0,60.0,0.0,4.186,1.3954,3.9731,8.9025,3.0798,14.032,55.48475300000001
2016-10-30,-2232.0,2642.0,3673.0,7598.0,807.0,14436.0,2337.0,324.0,216.0,404.0,122.0,62.0,0.0,4.208,1.4005,3.9651,9.0295,3.1183,13.880999999999998,54.588463
2016-11-06,-2690.0,2662.0,3665.0,7276.0,743.0,14295.0,2279.0,317.0,181.0,410.0,122.0,58.0,0.0,4.2063,1.3674,3.8933,8.9813,3.1488,13.533,59.400101
2016-11-13,-2274.0,2504.0,3920.0,7464.0,811.0,14724.0,2164.0,424.0,229.0,481.0,133.0,59.0,0.0,4.3417,1.3906,4.0426,9.0435,3.253,14.220999999999998,61.013408999999996
2016-11-20,-1970.0,2760.0,4050.0,7918.0,796.0,14712.0,2153.0,521.0,193.0,469.0,152.0,65.0,0.0,4.404,1.4181,4.18,9.2429,3.3680000000000003,14.375,61.060589
2016-11-27,-2095.0,2872.0,4254.0,7846.0,790.0,15040.0,1894.0,390.0,185.0,474.0,116.0,65.0,0.0,4.404,1.4181,4.18,9.2429,3.3680000000000003,14.375,57.64229200000001
2016-12-04,-2555.0,2793.0,3747.0,7447.0,775.0,14875.0,2176.0,433.0,139.0,499.0,175.0,65.0,0.0,4.404,1.4181,4.18,9.2429,3.3680000000000003,14.375,65.108276
2016-12-11,-3275.0,2205.0,3606.0,6922.0,798.0,15172.0,2120.0,482.0,159.0,485.0,150.0,68.0,0.0,4.4235,1.3964,4.2101,9.178,3.4764,13.775,64.413101
2016-12-18,-3120.0,2035.0,3921.0,6899.0,661.0,13834.0,2006.0,499.0,219.0,557.0,137.0,64.0,0.0,4.4235,1.3964,4.2101,9.178,3.4764,13.775,65.44156600000001
2016-12-25,-4158.0,2132.0,3379.0,6610.0,795.0,13249.0,1890.0,461.0,168.0,627.0,156.0,74.0,0.0,4.474,1.4546,4.2215,9.2342,3.5108,14.01,65.35586500000001
2017-01-01,-2741.0,1993.0,4242.0,7622.0,868.0,14235.0,1916.0,564.0,214.0,686.0,132.0,66.0,0.0,4.474,1.4546,4.2215,9.2342,3.5108,14.01,64.451195
2017-01-08,-3150.0,1817.0,3795.0,6543.0,811.0,13312.0,1776.0,503.0,158.0,727.0,176.0,61.0,0.0,4.474,1.4546,4.2215,9.2342,3.5108,14.01,63.346527
2017-01-15,-2333.0,1697.0,3426.0,5977.0,751.0,13179.0,1719.0,548.0,155.0,704.0,146.0,60.0,0.0,4.462,1.4025,4.1027,8.8993,3.7883,13.515,62.917995
2017-01-22,-2461.0,2183.0,3446.0,6728.0,634.0,13820.0,1549.0,450.0,174.0,599.0,160.0,65.0,0.0,4.4474,1.4006,4.1101,8.9422,3.8248,13.624,64.155991
2017-01-29,-2728.0,2108.0,4257.0,7051.0,717.0,12928.0,1428.0,476.0,155.0,549.0,150.0,60.0,0.0,4.4474,1.4006,4.1101,8.9422,3.8248,13.624,62.299
2017-02-05,-2837.0,2569.0,4220.0,7506.0,720.0,13716.0,1737.0,364.0,225.0,567.0,123.0,60.0,0.0,4.4474,1.4006,4.1101,8.9422,3.8248,13.624,64.394058
2017-02-12,-2519.0,2279.0,3807.0,7115.0,739.0,13373.0,1853.0,350.0,191.0,1026.0,114.0,66.0,0.0,4.4474,1.4006,4.1101,8.9422,3.8248,13.624,63.422714
2017-02-19,-2488.0,2112.0,3820.0,6985.0,681.0,13409.0,1766.0,348.0,275.0,1211.0,95.0,64.0,0.0,4.4474,1.4006,4.1101,8.9422,3.8248,13.624,64.501396
2017-02-26,-2292.0,2555.0,3826.0,7011.0,657.0,13594.0,1917.0,446.0,264.0,721.0,105.0,64.0,0.0,4.4405,1.3867,4.0632,8.9724,3.5810000000000004,12.915,63.943275
2017-03-05,-3031.0,2136.0,3402.0,6603.0,647.0,12582.0,1195.0,439.0,236.0,897.0,86.0,64.0,0.0,4.4405,1.3867,4.0632,8.9724,3.5810000000000004,12.915,63.972149
2017-03-12,-2815.0,1913.0,3654.0,6229.0,449.0,11592.0,1079.0,430.0,175.0,717.0,51.0,62.0,0.0,4.4532,1.4471,4.0787,9.0305,3.7527,13.264,65.964066
2017-03-19,-2807.0,1590.0,3802.0,6049.0,477.0,11682.0,945.0,507.0,159.0,550.0,119.0,63.0,0.0,4.4532,1.4471,4.0787,9.0305,3.7527,13.264,64.56875600000001
2017-03-26,-2820.0,1295.0,2613.0,4742.0,432.0,10328.0,827.0,531.0,169.0,1010.0,132.0,63.0,0.0,4.4239,1.4254,3.9514,8.8267,3.6257,12.478,63.731586
2017-04-02,-2563.0,1111.0,2842.0,4463.0,380.0,10018.0,874.0,411.0,147.0,575.0,137.0,59.0,0.0,4.4239,1.4254,3.9514,8.8267,3.6257,12.478,62.615341
2017-04-09,-2889.0,1022.0,3091.0,4699.0,309.0,10338.0,680.0,385.0,207.0,689.0,83.0,59.0,0.0,4.4239,1.4254,3.9514,8.8267,3.6257,12.478,62.240047
2017-04-16,-3319.0,930.0,2497.0,4390.0,303.0,9631.0,769.0,573.0,242.0,565.0,124.0,64.0,1.0,4.4239,1.4254,3.9514,8.8267,3.6257,12.478,61.681927
2017-04-23,-2459.0,932.0,2972.0,4701.0,311.0,9645.0,585.0,442.0,151.0,1152.0,96.0,61.0,0.0,4.4239,1.4254,3.9514,8.8267,3.6257,12.478,62.855904
2017-04-30,-2704.0,866.0,2917.0,4436.0,322.0,9380.0,837.0,506.0,322.0,538.0,122.0,52.0,0.0,4.341,1.4544,3.8631,8.8123,3.5458,13.257,61.94175
2017-05-07,-2023.0,681.0,2991.0,4139.0,323.0,9195.0,888.0,448.0,299.0,693.0,105.0,57.0,0.0,4.3375,1.4516,3.8476,8.8372,3.563,13.585,63.84705
2017-05-14,-2873.0,730.0,2943.0,4358.0,372.0,9655.0,973.0,457.0,279.0,1086.0,142.0,55.0,0.0,4.3375,1.4516,3.8476,8.8372,3.563,13.585,61.143055000000004
2017-05-21,-2442.0,717.0,2787.0,4200.0,372.0,9225.0,1237.0,505.0,306.0,625.0,134.0,58.0,0.0,4.3215,1.4516,3.7575,8.7569,3.6027,13.263,61.453918
2017-05-28,-2693.0,628.0,2717.0,4072.0,388.0,9382.0,1009.0,493.0,257.0,1303.0,154.0,61.0,0.0,4.3215,1.4516,3.7575,8.7569,3.6027,13.263,60.413315000000004
2017-06-04,-2268.0,781.0,2645.0,4256.0,415.0,9989.0,1082.0,521.0,174.0,557.0,146.0,57.0,1.0,4.2805,1.4096,3.7376,8.6862,3.5304,12.871,61.44419499999999
2017-06-11,-2657.0,694.0,2817.0,4130.0,457.0,9716.0,1059.0,452.0,235.0,722.0,119.0,60.0,0.0,4.265,1.3887,3.7494,8.7343,3.5293,12.885,62.912712
2017-06-18,-2114.0,674.0,2730.0,4021.0,296.0,9509.0,1138.0,435.0,256.0,517.0,143.0,60.0,1.0,4.265,1.3887,3.7494,8.7343,3.5293,12.885,63.039139
2017-06-25,-3255.0,672.0,2563.0,3937.0,354.0,9587.0,1033.0,471.0,238.0,528.0,140.0,61.0,0.0,4.265,1.3887,3.7494,8.7343,3.5293,12.885,65.246765
2017-07-02,-2057.0,816.0,2728.0,4268.0,318.0,9521.0,1099.0,508.0,262.0,768.0,123.0,60.0,1.0,4.265,1.3887,3.7494,8.7343,3.5293,12.885,64.634079
2017-07-09,-2891.0,786.0,2590.0,4097.0,331.0,9322.0,1137.0,459.0,208.0,918.0,173.0,62.0,1.0,4.2985,1.3730000000000002,3.7086,8.4258,3.6335,13.376,65.917816
2017-07-16,-2833.0,837.0,2513.0,4008.0,345.0,9395.0,987.0,529.0,398.0,728.0,115.0,38.0,1.0,4.2925,1.3688,3.6944,8.3516,3.5622,13.168,65.664955
2017-07-23,-2426.0,871.0,2489.0,4074.0,379.0,9459.0,1136.0,436.0,347.0,1030.0,135.0,38.0,1.0,4.2835,1.3443,3.6389,8.2626,3.5336,12.934,65.733032
2017-07-30,-2551.0,878.0,2804.0,4220.0,421.0,9945.0,1059.0,528.0,276.0,702.0,159.0,49.0,1.0,4.2825,1.3381,3.6229,8.1298,3.535,13.028,66.618034
2017-08-06,-1577.0,786.0,2430.0,4003.0,487.0,9242.0,1008.0,575.0,297.0,707.0,97.0,58.0,0.0,4.2785,1.3421,3.5735,8.0934,3.5308,13.336,64.381226
2017-08-13,-2616.0,754.0,2472.0,3943.0,448.0,9797.0,928.0,488.0,320.0,877.0,118.0,63.0,1.0,4.2785,1.3421,3.5735,8.0934,3.5308,13.336,63.424412
2017-08-20,-2531.0,957.0,2580.0,4345.0,404.0,10247.0,913.0,464.0,360.0,936.0,154.0,66.0,1.0,4.2785,1.3421,3.5735,8.0934,3.5308,13.336,66.26400799999999
2017-08-27,-1918.0,884.0,2702.0,4339.0,453.0,10376.0,885.0,485.0,309.0,902.0,140.0,65.0,1.0,4.273,1.3858,3.6076,8.0499,3.479,13.168,66.912498
2017-09-03,-197.0,909.0,2566.0,4092.0,506.0,10847.0,1029.0,383.0,247.0,153.0,155.0,65.0,1.0,4.273,1.3858,3.6076,8.0499,3.479,13.168,67.659248
2017-09-10,-1008.0,982.0,2358.0,4111.0,460.0,10882.0,1018.0,331.0,285.0,774.0,101.0,56.0,0.0,4.273,1.3858,3.6076,8.0499,3.479,13.168,68.720421
2017-09-17,-2435.0,1163.0,2114.0,4061.0,436.0,10255.0,929.0,453.0,296.0,928.0,154.0,64.0,0.0,4.273,1.3858,3.6076,8.0499,3.479,13.168,72.08078
2017-09-24,-1679.0,1263.0,2454.0,4480.0,481.0,11118.0,886.0,380.0,238.0,1491.0,136.0,71.0,1.0,4.273,1.3858,3.6076,8.0499,3.479,13.168,75.40184
2017-10-01,-2479.0,1243.0,2493.0,4554.0,560.0,11272.0,999.0,448.0,215.0,1984.0,129.0,68.0,1.0,4.2205,1.3852,3.6458,8.173,3.5586,13.505,75.92259200000002
2017-10-08,-2491.0,1396.0,2806.0,5243.0,542.0,11398.0,838.0,471.0,248.0,1270.0,136.0,66.0,1.0,4.2205,1.3852,3.6458,8.173,3.5586,13.505,76.551445
2017-10-15,-2815.0,1595.0,3064.0,5480.0,526.0,11635.0,863.0,616.0,215.0,1798.0,100.0,62.0,1.0,4.2195,1.4006,3.6033,8.1329,3.66,13.383,76.276321
2017-10-22,-4043.0,1444.0,2951.0,4963.0,511.0,11356.0,1085.0,588.0,255.0,1924.0,108.0,62.0,1.0,4.2195,1.4006,3.6033,8.1329,3.66,13.383,74.959686
2017-10-29,-3487.0,1454.0,2988.0,5470.0,403.0,10823.0,1053.0,545.0,223.0,2133.0,138.0,61.0,0.0,4.2195,1.4006,3.6033,8.1329,3.66,13.383,80.16726700000002
2017-11-05,-2812.0,1402.0,2982.0,5169.0,376.0,10294.0,1005.0,563.0,213.0,869.0,149.0,63.0,1.0,4.232,1.4409,3.6358,8.3994,3.8541,14.127,79.86267099999998
2017-11-12,-2930.0,1413.0,2875.0,4844.0,420.0,9831.0,1159.0,522.0,188.0,1129.0,151.0,65.0,1.0,4.232,1.4409,3.6358,8.3994,3.8541,14.127,80.68802600000002
2017-11-19,-3499.0,1244.0,2877.0,4885.0,366.0,9771.0,1060.0,476.0,162.0,1591.0,143.0,65.0,1.0,4.1610000000000005,1.4728,3.5898,8.4309,3.8869,14.013,80.914017
2017-11-26,-4145.0,1796.0,2932.0,5279.0,360.0,10359.0,1040.0,476.0,191.0,1412.0,161.0,62.0,1.0,4.1610000000000005,1.4728,3.5898,8.4309,3.8869,14.013,84.843582
2017-12-03,-3073.0,1427.0,2116.0,4195.0,342.0,9573.0,813.0,525.0,277.0,1358.0,123.0,61.0,1.0,4.1610000000000005,1.4728,3.5898,8.4309,3.8869,14.013,84.813843
2017-12-10,-2286.0,1082.0,2273.0,4207.0,418.0,9434.0,933.0,441.0,235.0,1086.0,140.0,64.0,1.0,4.088,1.4612,3.5786,8.4968,3.8464,13.66,86.686714
2017-12-17,-3214.0,1445.0,2417.0,4402.0,338.0,10187.0,737.0,368.0,185.0,1858.0,86.0,63.0,1.0,4.088,1.4612,3.5786,8.4968,3.8464,13.66,89.89733100000002
2017-12-24,-3423.0,1336.0,2067.0,4288.0,384.0,9642.0,748.0,411.0,249.0,1210.0,120.0,65.0,1.0,4.088,1.4612,3.5786,8.4968,3.8464,13.66,91.46300500000001
2017-12-31,-2593.0,1250.0,2682.0,4560.0,355.0,9774.0,740.0,393.0,220.0,1475.0,131.0,59.0,0.0,4.088,1.4612,3.5786,8.4968,3.8464,13.66,92.741302
2018-01-07,-3196.0,1048.0,2319.0,3922.0,363.0,9005.0,680.0,437.0,259.0,1015.0,153.0,56.0,1.0,4.0,1.3978,3.4499,8.1626,3.7465,12.361,93.692596
2018-01-14,-3522.0,817.0,2658.0,4030.0,411.0,9089.0,613.0,345.0,212.0,1249.0,124.0,62.0,1.0,3.9759,1.3781,3.4376,8.1033,3.756,12.398,95.585274
2018-01-21,-2553.0,1104.0,2444.0,4345.0,484.0,10592.0,458.0,344.0,186.0,1411.0,169.0,61.0,1.0,3.9759,1.3781,3.4376,8.1033,3.756,12.398,96.298744
2018-01-28,-2069.0,1190.0,3052.0,4591.0,461.0,10571.0,680.0,293.0,176.0,1765.0,168.0,64.0,1.0,3.9759,1.3781,3.4376,8.1033,3.756,12.398,93.831329
2018-02-04,-2164.0,1642.0,3111.0,5407.0,517.0,11845.0,1213.0,427.0,275.0,1287.0,157.0,66.0,1.0,18.457,7.6579,51.625,56.271,31.4,3.746,85.983147
2018-02-11,-3006.0,1548.0,3553.0,5808.0,559.0,12134.0,907.0,365.0,199.0,1322.0,123.0,58.0,1.0,18.816,7.9836,51.596,58.26300000000001,31.8,3.8271,92.156654
2018-02-18,-2792.0,1724.0,3625.0,5884.0,537.0,12637.0,837.0,374.0,182.0,2044.0,184.0,55.0,1.0,18.816,7.9836,51.596,58.26300000000001,31.8,3.8271,92.050003
2018-02-25,-2401.0,1580.0,2992.0,5592.0,567.0,12116.0,819.0,321.0,271.0,1445.0,150.0,55.0,1.0,18.816,7.9836,51.596,58.26300000000001,31.8,3.8271,90.82
2018-03-04,-2321.0,1565.0,3134.0,5589.0,532.0,11751.0,892.0,323.0,293.0,1498.0,116.0,56.0,1.0,18.816,7.9836,51.596,58.26300000000001,31.8,3.8271,93.309998
2018-03-11,-3165.0,1290.0,2970.0,4730.0,416.0,10470.0,1197.0,321.0,293.0,1487.0,75.0,51.0,1.0,18.616,7.8064,52.154,57.043,31.355,3.819,92.33000200000001
2018-03-18,-3136.0,1103.0,2751.0,4475.0,493.0,10830.0,956.0,402.0,262.0,1573.0,91.0,49.0,1.0,18.616,7.8064,52.154,57.043,31.355,3.819,93.040001
2018-03-25,-2747.0,743.0,2171.0,4029.0,513.0,10304.0,907.0,427.0,226.0,1578.0,109.0,42.0,1.0,18.532,7.7527,52.357,57.135,31.18,3.9592,92.769997
2018-04-01,-2038.0,764.0,2065.0,3909.0,486.0,10618.0,623.0,350.0,312.0,2175.0,116.0,44.0,1.0,18.532,7.7527,52.357,57.135,31.18,3.9592,95.860001
2018-04-08,-3120.0,746.0,2191.0,4322.0,418.0,10960.0,470.0,303.0,301.0,1205.0,146.0,48.0,1.0,18.254,7.8355,52.06,57.894,31.29,4.0579,100.529999
2018-04-15,-3136.0,738.0,2416.0,4381.0,497.0,10700.0,599.0,279.0,334.0,1749.0,124.0,51.0,1.0,18.254,7.8355,52.06,57.894,31.29,4.0579,108.199997
2018-04-22,-3136.0,738.0,2416.0,4381.0,497.0,10700.0,599.0,279.0,334.0,1749.0,124.0,51.0,1.0,18.476,7.8032,52.14,61.53100000000001,31.32,4.0461,111.540001
2018-04-29,-3136.0,738.0,2416.0,4381.0,497.0,10700.0,599.0,279.0,334.0,1749.0,124.0,51.0,1.0,18.476,7.8032,52.14,61.53100000000001,31.32,4.0461,113.370003
